Sony Alpha ZV-E10 - APS-C Interchangeable Lens Mirrorless Vlog Camera Kit - Black,"798.00
              


                $
               

                798
                
                 .
                


                00",2023-06-14
Sony Alpha ZV-E10 - APS-C Interchangeable Lens Mirrorless Vlog Camera Kit - Black,"798.00
              


                $
               

                798
                
                 .
                


                00",2023-06-14
Sony Alpha ZV-E10 - APS-C Interchangeable Lens Mirrorless Vlog Camera Kit - Black,"798.00
              


                $
               

                798
                
                 .
                


                00",2023-06-14
Sony Alpha ZV-E10 - APS-C Interchangeable Lens Mirrorless Vlog Camera Kit - Black,"798.00
              


                $
               

                798
                
                 .
                


                00",2023-06-14
Sony Alpha ZV-E10 - APS-C Interchangeable Lens Mirrorless Vlog Camera Kit - Black,"798.00
              


                $
               

                798
                
                 .
                


                00",2023-06-14
Sony Alpha ZV-E10 - APS-C Interchangeable Lens Mirrorless Vlog Camera Kit - Black,"798.00
               


                 $
                

                 798
                 
                  .
                 


                 00",2023-06-14
Sony Alpha ZV-E10 - APS-C Interchangeable Lens Mirrorless Vlog Camera Kit - Black,"798.00
              


                $
               

                798
                
                 .
                


                00",2023-06-14
Sony Alpha ZV-E10 - APS-C Interchangeable Lens Mirrorless Vlog Camera Kit - Black,"798.00
               


                 $
                

                 798
                 
                  .
                 


                 00",2023-06-14
Sony Alpha ZV-E10 - APS-C Interchangeable Lens Mirrorless Vlog Camera Kit - Black,"798.00
               


                 $
                

                 798
                 
                  .
                 


                 00",2023-06-14
Sony Alpha ZV-E10 - APS-C Interchangeable Lens Mirrorless Vlog Camera Kit - Black,"798.00
               


                 $
                

                 798
                 
                  .
                 


                 00",2023-06-14
Sony Alpha ZV-E10 - APS-C Interchangeable Lens Mirrorless Vlog Camera Kit - Black,"798.00
              


                $
               

                798
                
                 .
                


                00",2023-06-14
Sony Alpha ZV-E10 - APS-C Interchangeable Lens Mirrorless Vlog Camera Kit - Black,"798.00
               


                 $
                

                 798
                 
                  .
                 


                 00",2023-06-14
Sony Alpha ZV-E10 - APS-C Interchangeable Lens Mirrorless Vlog Camera Kit - Black,"798.00
               


                 $
                

                 798
                 
                  .
                 


                 00",2023-06-14
